{"cameraMode":{"drawMode":0,"name":"Shaded","section":"Shading Mode"},"sceneLighting":false,"audioPlay":false,"sceneViewState":{"m_AlwaysRefresh":false,"showFog":true,"showSkybox":false,"showFlares":true,"showImageEffects":true,"showParticleSystems":true,"showVisualEffectGraphs":true,"m_FxEnabled":true},"in2DMode":false,"pivot":{"x":0.1389373242855072,"y":-0.011285752058029175,"z":-0.03331825137138367},"rotation":{"x":0.16119110584259034,"y":-0.13719376921653748,"z":0.022633381187915803,"w":0.9770797491073608},"size":0.23050260543823243,"orthographic":true}