{"cameraMode":{"drawMode":0,"name":"Shaded","section":"Shading Mode"},"sceneLighting":false,"audioPlay":false,"sceneViewState":{"m_AlwaysRefresh":false,"showFog":true,"showSkybox":false,"showFlares":true,"showImageEffects":true,"showParticleSystems":true,"showVisualEffectGraphs":true,"m_FxEnabled":true},"in2DMode":false,"pivot":{"x":0.003300011157989502,"y":0.0746999979019165,"z":-0.25060001015663149},"rotation":{"x":0.07106927782297135,"y":-0.9281885027885437,"z":0.23839356005191804,"w":0.2767817974090576},"size":0.5573315024375916,"orthographic":true}