{"cameraMode":{"drawMode":0,"name":"Shaded","section":"Shading Mode"},"sceneLighting":true,"audioPlay":false,"sceneViewState":{"m_AlwaysRefresh":false,"showFog":true,"showSkybox":true,"showFlares":true,"showImageEffects":true,"showParticleSystems":true,"showVisualEffectGraphs":true,"m_FxEnabled":true},"in2DMode":false,"pivot":{"x":-1.2056446075439454,"y":16.796878814697267,"z":10.074183464050293},"rotation":{"x":0.2281099259853363,"y":0.7125989198684692,"z":-0.26771384477615359,"w":0.6070669293403626},"size":19.397192001342775,"orthographic":true}