{"cameraMode":{"drawMode":0,"name":"Shaded","section":"Shading Mode"},"sceneLighting":true,"audioPlay":false,"sceneViewState":{"m_AlwaysRefresh":false,"showFog":true,"showSkybox":true,"showFlares":true,"showImageEffects":true,"showParticleSystems":true,"showVisualEffectGraphs":true,"m_FxEnabled":true},"in2DMode":false,"pivot":{"x":15.977322578430176,"y":8.606134414672852,"z":20.500825881958009},"rotation":{"x":0.3369000554084778,"y":0.5617444515228272,"z":-0.26780468225479128,"w":0.7065785527229309},"size":1.9748860597610474,"orthographic":true}