{"cameraMode":{"drawMode":0,"name":"Shaded","section":"Shading Mode"},"sceneLighting":false,"audioPlay":false,"sceneViewState":{"m_AlwaysRefresh":false,"showFog":true,"showSkybox":false,"showFlares":true,"showImageEffects":true,"showParticleSystems":true,"showVisualEffectGraphs":true,"m_FxEnabled":true},"in2DMode":false,"pivot":{"x":-0.021876633167266847,"y":0.058578938245773318,"z":-0.038284122943878177},"rotation":{"x":0.09479091316461563,"y":-0.9049357175827026,"z":0.28141748905181887,"w":0.304813414812088},"size":1.3331347703933716,"orthographic":true}