{"cameraMode":{"drawMode":0,"name":"Shaded","section":"Shading Mode"},"sceneLighting":false,"audioPlay":false,"sceneViewState":{"m_AlwaysRefresh":false,"showFog":true,"showSkybox":false,"showFlares":true,"showImageEffects":true,"showParticleSystems":true,"showVisualEffectGraphs":true,"m_FxEnabled":true},"in2DMode":false,"pivot":{"x":-0.8992829322814941,"y":0.40539878606796267,"z":0.9460372924804688},"rotation":{"x":0.1749992072582245,"y":0.07345931977033615,"z":-0.01309868972748518,"w":0.9817610383033752},"size":0.8624150156974793,"orthographic":true}