{"cameraMode":{"drawMode":0,"name":"Shaded","section":"Shading Mode"},"sceneLighting":false,"audioPlay":false,"sceneViewState":{"m_AlwaysRefresh":false,"showFog":true,"showSkybox":false,"showFlares":true,"showImageEffects":true,"showParticleSystems":true,"showVisualEffectGraphs":true,"m_FxEnabled":true},"in2DMode":false,"pivot":{"x":1.6412997245788575,"y":0.5584211349487305,"z":0.9389998912811279},"rotation":{"x":0.03442654758691788,"y":-0.6863402128219605,"z":0.03255365416407585,"w":0.7257444858551025},"size":0.8902618885040283,"orthographic":true}