{"cameraMode":{"drawMode":0,"name":"Shaded","section":"Shading Mode"},"sceneLighting":false,"audioPlay":false,"sceneViewState":{"m_AlwaysRefresh":false,"showFog":true,"showSkybox":false,"showFlares":true,"showImageEffects":true,"showParticleSystems":true,"showVisualEffectGraphs":true,"m_FxEnabled":true},"in2DMode":false,"pivot":{"x":-0.011000007390975953,"y":0.0746999979019165,"z":-0.14899998903274537},"rotation":{"x":-0.03808683156967163,"y":-0.017986321821808816,"z":-0.0006790843908675015,"w":0.9991216659545898},"size":0.3910458981990814,"orthographic":true}