{"cameraMode":{"drawMode":0,"name":"Shaded","section":"Shading Mode"},"sceneLighting":false,"audioPlay":false,"sceneViewState":{"m_AlwaysRefresh":false,"showFog":true,"showSkybox":false,"showFlares":true,"showImageEffects":true,"showParticleSystems":true,"showVisualEffectGraphs":true,"m_FxEnabled":true},"in2DMode":false,"pivot":{"x":-0.00043463706970214844,"y":0.38219285011291506,"z":0.508881151676178},"rotation":{"x":-0.2542559504508972,"y":0.24254344403743745,"z":-0.06603305041790009,"w":-0.9338991641998291},"size":0.7064877152442932,"orthographic":false}