{"cameraMode":{"drawMode":0,"name":"Shaded","section":"Shading Mode"},"sceneLighting":false,"audioPlay":false,"sceneViewState":{"m_AlwaysRefresh":false,"showFog":true,"showSkybox":false,"showFlares":true,"showImageEffects":true,"showParticleSystems":true,"showVisualEffectGraphs":true,"m_FxEnabled":true},"in2DMode":false,"pivot":{"x":0.012199997901916504,"y":0.0746999979019165,"z":-0.06029999256134033},"rotation":{"x":0.15131647884845735,"y":0.6239509582519531,"z":-0.12476789951324463,"w":0.7564727067947388},"size":0.48975732922554018,"orthographic":true}