{"cameraMode":{"drawMode":0,"name":"Shaded","section":"Shading Mode"},"sceneLighting":false,"audioPlay":false,"sceneViewState":{"m_AlwaysRefresh":false,"showFog":true,"showSkybox":false,"showFlares":true,"showImageEffects":true,"showParticleSystems":true,"showVisualEffectGraphs":true,"m_FxEnabled":true},"in2DMode":false,"pivot":{"x":0.012199997901916504,"y":0.0746999979019165,"z":-0.06029999256134033},"rotation":{"x":0.12346366792917252,"y":0.8406650424003601,"z":-0.48121288418769839,"w":0.21564128994941712},"size":0.6966032385826111,"orthographic":true}