{"cameraMode":{"drawMode":0,"name":"Shaded","section":"Shading Mode"},"sceneLighting":false,"audioPlay":false,"sceneViewState":{"m_AlwaysRefresh":false,"showFog":true,"showSkybox":false,"showFlares":true,"showImageEffects":true,"showParticleSystems":true,"showVisualEffectGraphs":true,"m_FxEnabled":true},"in2DMode":false,"pivot":{"x":-0.5089145302772522,"y":0.45113033056259158,"z":-0.0003560781478881836},"rotation":{"x":0.0894612967967987,"y":0.20261690020561219,"z":-0.018591051921248437,"w":0.9749883413314819},"size":0.7071760892868042,"orthographic":true}