{"cameraMode":{"drawMode":0,"name":"Shaded","section":"Shading Mode"},"sceneLighting":false,"audioPlay":false,"sceneViewState":{"m_AlwaysRefresh":false,"showFog":true,"showSkybox":false,"showFlares":true,"showImageEffects":true,"showParticleSystems":true,"showVisualEffectGraphs":true,"m_FxEnabled":true},"in2DMode":false,"pivot":{"x":-0.02000001072883606,"y":0.4509999752044678,"z":0.02399998903274536},"rotation":{"x":0.006099841091781855,"y":-0.9675399661064148,"z":0.2515919804573059,"w":0.023515982553362848},"size":0.6974837779998779,"orthographic":true}