{"cameraMode":{"drawMode":0,"name":"Shaded","section":"Shading Mode"},"sceneLighting":true,"audioPlay":false,"sceneViewState":{"m_AlwaysRefresh":false,"showFog":true,"showSkybox":false,"showFlares":true,"showImageEffects":true,"showParticleSystems":true,"showVisualEffectGraphs":true,"m_FxEnabled":true},"in2DMode":false,"pivot":{"x":0.2731316089630127,"y":0.9794261455535889,"z":-0.13151907920837403},"rotation":{"x":0.07106927782297135,"y":-0.9281885027885437,"z":0.23839356005191804,"w":0.2767817974090576},"size":5.540830612182617,"orthographic":true}