{"cameraMode":{"drawMode":0,"name":"Shaded","section":"Shading Mode"},"sceneLighting":false,"audioPlay":false,"sceneViewState":{"m_AlwaysRefresh":false,"showFog":true,"showSkybox":false,"showFlares":true,"showImageEffects":true,"showParticleSystems":true,"showVisualEffectGraphs":true,"m_FxEnabled":true},"in2DMode":false,"pivot":{"x":0.386607825756073,"y":0.25102928280830386,"z":0.8149133920669556},"rotation":{"x":0.4643472731113434,"y":0.08610206842422486,"z":-0.04541648179292679,"w":0.8802931308746338},"size":0.5837743282318115,"orthographic":true}