{"cameraMode":{"drawMode":0,"name":"Shaded","section":"Shading Mode"},"sceneLighting":true,"audioPlay":false,"sceneViewState":{"showFog":true,"showMaterialUpdate":false,"showSkybox":true,"showFlares":true,"showImageEffects":true,"showParticleSystems":true},"in2DMode":false,"pivot":{"x":-0.07740280032157898,"y":-0.19608542323112489,"z":0.4258788526058197},"rotation":{"x":0.4643472731113434,"y":0.08610206842422486,"z":-0.04541648179292679,"w":0.8802931308746338},"size":0.7339988946914673,"orthographic":true}