{"cameraMode":{"drawMode":0,"name":"Shaded","section":"Shading Mode"},"sceneLighting":false,"audioPlay":false,"sceneViewState":{"showFog":true,"showMaterialUpdate":false,"showSkybox":false,"showFlares":true,"showImageEffects":true,"showParticleSystems":true},"in2DMode":false,"pivot":{"x":1.7115131616592408,"y":0.19597256183624268,"z":1.6560351848602296},"rotation":{"x":0.13607269525527955,"y":-0.639359176158905,"z":0.11634420603513718,"w":0.7477751970291138},"size":0.7903426885604858,"orthographic":false}