{"cameraMode":{"drawMode":0,"name":"Shaded","section":"Shading Mode"},"sceneLighting":false,"audioPlay":false,"sceneViewState":{"showFog":true,"showMaterialUpdate":false,"showSkybox":false,"showFlares":true,"showImageEffects":true,"showParticleSystems":true},"in2DMode":false,"pivot":{"x":0.7686209678649902,"y":0.529335618019104,"z":0.7983105182647705},"rotation":{"x":0.49813759326934817,"y":-0.501740038394928,"z":0.5078038573265076,"w":0.4922027587890625},"size":0.5704938769340515,"orthographic":true}