{"cameraMode":{"drawMode":0,"name":"Shaded","section":"Shading Mode"},"sceneLighting":false,"audioPlay":false,"sceneViewState":{"showFog":true,"showMaterialUpdate":false,"showSkybox":false,"showFlares":true,"showImageEffects":true,"showParticleSystems":true},"in2DMode":false,"pivot":{"x":0.6409647464752197,"y":0.32624030113220217,"z":0.05284951627254486},"rotation":{"x":0.25683683156967165,"y":-0.4983253479003906,"z":0.15743488073349,"w":0.8129776120185852},"size":0.5980472564697266,"orthographic":true}