{"cameraMode":{"drawMode":0,"name":"Shaded","section":"Shading Mode"},"sceneLighting":true,"audioPlay":false,"sceneViewState":{"showFog":true,"showMaterialUpdate":false,"showSkybox":false,"showFlares":true,"showImageEffects":true,"showParticleSystems":true},"in2DMode":false,"pivot":{"x":0.7614173293113709,"y":0.3224673271179199,"z":0.574172854423523},"rotation":{"x":0.14579631388187409,"y":-0.5934167504310608,"z":0.11037503927946091,"w":0.7838501930236816},"size":0.6457537412643433,"orthographic":true}