{"cameraMode":{"drawMode":0,"name":"Shaded","section":"Shading Mode"},"sceneLighting":false,"audioPlay":false,"sceneViewState":{"showFog":true,"showMaterialUpdate":false,"showSkybox":false,"showFlares":true,"showImageEffects":true,"showParticleSystems":true},"in2DMode":false,"pivot":{"x":0.501680850982666,"y":0.3163500428199768,"z":0.6633937358856201},"rotation":{"x":0.15537579357624055,"y":-0.4887694716453552,"z":0.08894087374210358,"w":0.8538554906845093},"size":0.6365548372268677,"orthographic":true}