{"cameraMode":{"drawMode":0,"name":"Shaded","section":"Shading Mode"},"sceneLighting":false,"audioPlay":false,"sceneViewState":{"m_AlwaysRefresh":false,"showFog":true,"showSkybox":false,"showFlares":true,"showImageEffects":true,"showParticleSystems":true,"showVisualEffectGraphs":true,"m_FxEnabled":true},"in2DMode":false,"pivot":{"x":-0.0008073747158050537,"y":0.4776420593261719,"z":-0.16662156581878663},"rotation":{"x":0.02626648172736168,"y":0.9721117615699768,"z":-0.1338300108909607,"w":0.19079069793224336},"size":0.6431491374969482,"orthographic":false}