{"cameraMode":{"drawMode":0,"name":"Shaded","section":"Shading Mode"},"sceneLighting":false,"audioPlay":false,"sceneViewState":{"m_AlwaysRefresh":false,"showFog":true,"showSkybox":false,"showFlares":true,"showImageEffects":true,"showParticleSystems":true,"showVisualEffectGraphs":true,"m_FxEnabled":true},"in2DMode":false,"pivot":{"x":-0.6760104894638062,"y":-0.20845584571361543,"z":-0.574878990650177},"rotation":{"x":0.10080669820308685,"y":-0.8891448378562927,"z":0.23691068589687348,"w":0.3783339560031891},"size":0.5393025875091553,"orthographic":true}