{"cameraMode":{"drawMode":0,"name":"Shaded","section":"Shading Mode"},"sceneLighting":false,"audioPlay":false,"sceneViewState":{"m_AlwaysRefresh":false,"showFog":true,"showSkybox":false,"showFlares":true,"showImageEffects":true,"showParticleSystems":true,"showVisualEffectGraphs":true,"m_FxEnabled":true},"in2DMode":false,"pivot":{"x":0.19301243126392365,"y":0.1685655564069748,"z":0.4004873037338257},"rotation":{"x":0.7053202986717224,"y":-0.011491132900118828,"z":0.011424208991229535,"w":0.7087116837501526},"size":0.8425180912017822,"orthographic":true}